Formula,Structure Family,Metal,Oxidation State,n_Li,n_M,n_O,Avg Voltage (V),Capacity (mAh/g),Empirical ED (Wh/L),Stability Charge (eV),Stability Discharge (eV),Predicted ED 4-feature RF (Wh/L),Reduced formula,Original query formula,in_db_correct,ehull_meV_correct,n_entries_correct,mp_id_correct,in_db_orig,ehull_meV_orig,n_entries_orig,mp_id_orig,Formal M oxidation state as queried (orig),in_16510_struct_set
Li2FeO2,layered,Fe,2,2,1,2,3.5,300.0,3150.0,0.02,0.02,3678.781899999998,Li2FeO2,LiFeO2,True,2.024537500000534,4,mp-aaabqzac,True,0.0,9,mp-aaabrcta,3.0,True
Li2Fe2O3,layered,Fe,2,2,2,3,3.5,300.0,3150.0,0.02,0.02,3678.781899999998,Li2Fe2O3,LiFe2O3,False,,0,,True,27.34540291666665,5,mp-aaacvwxs,2.5,False
LiFeO2,layered,Fe,3,1,1,2,3.8,282.74,3223.25,0.02,0.02,3884.078899999999,LiFeO2,LiFeO2,True,0.0,9,mp-aaabrcta,True,0.0,9,mp-aaabrcta,3.0,True
Li2Fe2O4,layered,Fe,3,2,2,4,3.8,282.74,3223.25,0.02,0.02,3884.078899999999,LiFeO2,LiFe2O4,True,0.0,9,mp-aaabrcta,True,32.37830128571595,11,mp-aaaablok,3.5,True
Li3FeO3,layered,Fe,3,3,1,3,3.8,300.0,3420.0,0.02,0.02,3818.2801999999974,Li3FeO3,LiFeO3,True,45.708424107144374,5,mp-aaabrwjm,True,131.20334543333632,6,mp-aaabrhmv,5.0,True
Li2MnO2,layered,Mn,2,2,1,2,3.5,300.0,3150.0,0.02,0.02,3678.781899999998,Li2MnO2,LiMnO2,True,27.874728000001348,3,mp-aaaabcnn,True,0.0,24,mp-aaabqyjg,3.0,True
Li2Mn2O3,layered,Mn,2,2,2,3,3.5,300.0,3150.0,0.02,0.02,3678.781899999998,Li2Mn2O3,LiMn2O3,True,87.6611814285715,1,mp-aaabrauk,True,43.09335625000088,3,mp-aaadphza,2.5,True
LiMnO2,layered,Mn,3,1,1,2,3.5,285.48,2997.56,0.02,0.02,3801.6372999999994,LiMnO2,LiMnO2,True,0.0,24,mp-aaabqyjg,True,0.0,24,mp-aaabqyjg,3.0,True
Li2Mn2O4,layered,Mn,3,2,2,4,3.5,285.48,2997.56,0.02,0.02,3801.6372999999994,LiMnO2,LiMn2O4,True,0.0,24,mp-aaabqyjg,True,0.0,14,mp-aaacukwa,3.5,True
Li3MnO3,layered,Mn,3,3,1,3,3.5,300.0,3150.0,0.02,0.02,3678.781899999998,Li3MnO3,LiMnO3,True,16.778587142857404,3,mp-aaabrayq,True,183.92001396665947,1,mp-aaacltzl,5.0,True
Li2MnO3,layered,Mn,4,2,1,3,4.0,300.0,3600.0,0.02,0.02,3780.3818999999953,Li2MnO3,LiMnO3,True,0.0,7,mp-aaaabcci,True,183.92001396665947,1,mp-aaacltzl,5.0,True
Li2Mn2O5,layered,Mn,4,2,2,5,4.0,263.06,3156.77,0.02,0.02,3326.261100000002,Li2Mn2O5,LiMn2O5,False,,0,,False,,0,,4.5,False
Li2NiO2,layered,Ni,2,2,1,2,3.6,300.0,3240.0,0.02,0.02,3815.069799999999,Li2NiO2,LiNiO2,True,2.5416910000002346,3,mp-aaaabcoq,True,0.0,24,mp-aaafdqij,3.0,True
Li2Ni2O3,layered,Ni,2,2,2,3,3.6,299.02,3229.4,0.02,0.02,3801.433199999998,Li2Ni2O3,LiNi2O3,False,,0,,True,1.8387068055574218,3,mp-aaabrbxv,2.5,False
LiNiO2,layered,Ni,3,1,1,2,3.9,274.52,3211.84,0.02,0.02,4325.2185,LiNiO2,LiNiO2,True,0.0,24,mp-aaafdqij,True,0.0,24,mp-aaafdqij,3.0,True
Li2Ni2O4,layered,Ni,3,2,2,4,3.9,274.52,3211.84,0.02,0.02,4325.2185,LiNiO2,LiNi2O4,True,0.0,24,mp-aaafdqij,True,0.0,10,mp-aaabscjl,3.5,True
Li3NiO3,layered,Ni,3,3,1,3,3.9,300.0,3510.0,0.02,0.02,3729.254599999996,Li3NiO3,LiNiO3,True,23.292737619048154,1,mp-aaabsagq,True,502.4219344545475,1,mp-aaacpliz,5.0,True
Li2NiO3,layered,Ni,4,2,1,3,4.2,300.0,3780.0,0.02,0.02,3771.3906999999967,Li2NiO3,LiNiO3,True,0.0,2,mp-aaabfrhu,True,502.4219344545475,1,mp-aaacpliz,5.0,True
Li2Ni2O5,layered,Ni,4,2,2,5,4.2,253.73,3196.94,0.02,0.02,3082.287800000001,Li2Ni2O5,LiNi2O5,False,,0,,False,,0,,4.5,False
Li2CoO2,layered,Co,2,2,1,2,3.7,300.0,3330.0,0.02,0.02,3809.8233999999984,Li2CoO2,LiCoO2,True,26.959160625001033,3,mp-aaabqzhx,True,0.0,9,mp-aaaabhik,3.0,True
Li2Co2O3,layered,Co,2,2,2,3,3.7,298.22,3310.24,0.02,0.02,3796.186799999998,Li2Co2O3,LiCo2O3,False,,0,,True,127.89989124999934,1,mp-aaacromx,2.5,False
LiCoO2,layered,Co,3,1,1,2,4.0,273.84,3286.11,0.02,0.02,4181.3638,LiCoO2,LiCoO2,True,0.0,9,mp-aaaabhik,True,0.0,9,mp-aaaabhik,3.0,True
Li2Co2O4,layered,Co,3,2,2,4,4.0,273.84,3286.11,0.02,0.02,4181.3638,LiCoO2,LiCo2O4,True,0.0,9,mp-aaaabhik,True,0.0,21,mp-aaabsbck,3.5,True
Li3CoO3,layered,Co,3,3,1,3,4.0,300.0,3600.0,0.02,0.02,3780.3818999999953,Li3CoO3,LiCoO3,True,45.12676214285971,2,mp-aaabragc,False,,0,,5.0,True
LiCuO1,layered,Cu,1,1,1,1,3.5,300.0,3150.0,0.02,0.02,3678.781899999998,LiCuO,LiCuO1,True,0.0,3,mp-aaaaahpf,True,0.0,3,mp-aaaaahpf,1.0,True
Li2Cu2O2,layered,Cu,1,2,2,2,3.5,300.0,3150.0,0.02,0.02,3678.781899999998,LiCuO,LiCu2O2,True,0.0,3,mp-aaaaahpf,True,4.688839499999986,2,mp-aaaabawo,1.5,True
Li3CuO2,layered,Cu,1,3,1,2,3.5,300.0,3150.0,0.02,0.02,3678.781899999998,Li3CuO2,LiCuO2,True,95.76858625000196,1,mp-aaabrbbz,True,0.0,8,mp-aaaaanog,3.0,True
Li2CuO2,layered,Cu,2,2,1,2,3.9,300.0,3510.0,0.02,0.02,3729.254599999996,Li2CuO2,LiCuO2,True,14.43339124999543,3,mp-aaaaagzf,True,0.0,8,mp-aaaaanog,3.0,True
Li2Cu2O3,layered,Cu,2,2,2,3,3.9,283.64,3318.57,0.02,0.02,3630.8405999999995,Li2Cu2O3,LiCu2O3,False,,0,,False,,0,,2.5,False
LiTiO2,layered,Ti,3,1,1,2,3.5,300.0,3150.0,0.02,0.02,3678.781899999998,LiTiO2,LiTiO2,True,0.0,10,mp-aaaaceqi,True,0.0,10,mp-aaaaceqi,3.0,True
Li2Ti2O4,layered,Ti,3,2,2,4,3.5,300.0,3150.0,0.02,0.02,3678.781899999998,LiTiO2,LiTi2O4,True,0.0,10,mp-aaaaceqi,True,0.0,16,mp-aaaaaikc,3.5,True
Li3TiO3,layered,Ti,3,3,1,3,3.5,300.0,3150.0,0.02,0.02,3678.781899999998,Li3TiO3,LiTiO3,False,,0,,False,,0,,5.0,False
Li2TiO3,layered,Ti,4,2,1,3,3.5,300.0,3150.0,0.02,0.02,3678.781899999998,Li2TiO3,LiTiO3,True,0.0,7,mp-aaaaaeit,False,,0,,5.0,True
Li2Ti2O5,layered,Ti,4,2,2,5,3.5,282.68,2968.15,0.02,0.02,3858.5402999999997,Li2Ti2O5,LiTi2O5,True,28.946053055552312,3,mp-aaabraug,False,,0,,4.5,True
LiVO2,layered,V,3,1,1,2,3.5,298.19,3130.96,0.02,0.02,3665.448699999998,LiVO2,LiVO2,True,0.0,13,mp-aaaabcpw,True,0.0,13,mp-aaaabcpw,3.0,True
Li2V2O4,layered,V,3,2,2,4,3.5,298.19,3130.96,0.02,0.02,3665.448699999998,LiVO2,LiV2O4,True,0.0,13,mp-aaaabcpw,True,12.87099821428761,5,mp-aaacvhrf,3.5,True
Li3VO3,layered,V,3,3,1,3,3.5,300.0,3150.0,0.02,0.02,3678.781899999998,Li3VO3,LiVO3,False,,0,,True,0.0,6,mp-aaaabcrd,5.0,False
Li2VO3,layered,V,4,2,1,3,3.5,300.0,3150.0,0.02,0.02,3678.781899999998,Li2VO3,LiVO3,True,22.451055833339062,2,mp-aaabsbgq,True,0.0,6,mp-aaaabcrd,5.0,True
Li2V2O5,layered,V,4,2,2,5,3.5,273.81,2875.06,0.02,0.02,4360.3718,Li2V2O5,LiV2O5,False,,0,,True,9.15778874999873,7,mp-aaabsgkh,4.5,False
LiVO3,layered,V,5,1,1,3,3.8,253.13,2885.64,0.02,0.02,3148.316100000001,LiVO3,LiVO3,True,0.0,6,mp-aaaabcrd,True,0.0,6,mp-aaaabcrd,5.0,True
Li2V2O6,layered,V,5,2,2,6,3.8,253.13,2885.64,0.02,0.02,3148.316100000001,LiVO3,LiV2O6,True,0.0,6,mp-aaaabcrd,False,,0,,5.5,True
Li3VO4,layered,V,5,3,1,4,3.8,300.0,3420.0,0.02,0.02,3818.2801999999974,Li3VO4,LiVO4,True,0.0,2,mp-aaaabclf,False,,0,,7.0,True
